[
  { "key": "Top Stories Subcategories==================================================================================", "value": "top-stories" },
  { "id": "top-national", "name": "Top National Stories", "slug": "top-national", "category": "top-stories" },
  { "id": "top-international", "name": "Top International Stories", "slug": "top-international", "category": "top-stories" },
  { "id": "top-politics", "name": "Top Political Stories", "slug": "top-politics", "category": "top-stories" },
  { "id": "top-business", "name": "Top Business Stories", "slug": "top-business", "category": "top-stories" },
  { "id": "top-tech", "name": "Top Tech Stories", "slug": "top-tech", "category": "top-stories" },
  { "id": "top-sports", "name": "Top Sports Stories", "slug": "top-sports", "category": "top-stories" },
  { "id": "top-entertainment", "name": "Top Entertainment Stories", "slug": "top-entertainment", "category": "top-stories" },
  { "id": "trending-now", "name": "Trending Now", "slug": "trending-now", "category": "top-stories" },

  { "key": "Breaking News Subcategories==================================================================================", "value": "breaking-news" },
  { "id": "breaking-national", "name": "Breaking National", "slug": "breaking-national", "category": "breaking-news" },
  { "id": "breaking-international", "name": "Breaking International", "slug": "breaking-international", "category": "breaking-news" },
  { "id": "live-updates", "name": "Live Updates", "slug": "live-updates", "category": "breaking-news" },
  { "id": "flash-news", "name": "Flash News", "slug": "flash-news", "category": "breaking-news" },

  { "key": "National (India) Subcategories==================================================================================", "value": "national" },
  { "id": "indian-states", "name": "Indian States", "slug": "indian-states", "category": "national" },
  { "id": "union-territories", "name": "Union Territories", "slug": "union-territories", "category": "national" },
  { "id": "delhi-news", "name": "Delhi News", "slug": "delhi-news", "category": "national" },
  { "id": "mumbai-news", "name": "Mumbai News", "slug": "mumbai-news", "category": "national" },
  { "id": "bengaluru-news", "name": "Bengaluru News", "slug": "bengaluru-news", "category": "national" },
  { "id": "chennai-news", "name": "Chennai News", "slug": "chennai-news", "category": "national" },
  { "id": "kolkata-news", "name": "Kolkata News", "slug": "kolkata-news", "category": "national" },
  { "id": "punjab-news", "name": "Punjab News", "slug": "punjab-news", "category": "national" },
  { "id": "uttar-pradesh-news", "name": "Uttar Pradesh News", "slug": "uttar-pradesh-news", "category": "national" },
  { "id": "gujarat-news", "name": "Gujarat News", "slug": "gujarat-news", "category": "national" },
  { "id": "rajasthan-news", "name": "Rajasthan News", "slug": "rajasthan-news", "category": "national" },
  { "id": "madhya-pradesh-news", "name": "Madhya Pradesh News", "slug": "madhya-pradesh-news", "category": "national" },
  { "id": "bihar-news", "name": "Bihar News", "slug": "bihar-news", "category": "national" },
  { "id": "west-bengal-news", "name": "West Bengal News", "slug": "west-bengal-news", "category": "national" },
  { "id": "karnataka-news", "name": "Karnataka News", "slug": "karnataka-news", "category": "national" },
  { "id": "telangana-news", "name": "Telangana News", "slug": "telangana-news", "category": "national" },
  { "id": "andhra-pradesh-news", "name": "Andhra Pradesh News", "slug": "andhra-pradesh-news", "category": "national" },
  { "id": "kerala-news", "name": "Kerala News", "slug": "kerala-news", "category": "national" },
  { "id": "tamil-nadu-news", "name": "Tamil Nadu News", "slug": "tamil-nadu-news", "category": "national" },
  { "id": "odisha-news", "name": "Odisha News", "slug": "odisha-news", "category": "national" },
  { "id": "assam-news", "name": "Assam News", "slug": "assam-news", "category": "national" },
  { "id": "jharkhand-news", "name": "Jharkhand News", "slug": "jharkhand-news", "category": "national" },
  { "id": "chhattisgarh-news", "name": "Chhattisgarh News", "slug": "chhattisgarh-news", "category": "national" },
  { "id": "haryana-news", "name": "Haryana News", "slug": "haryana-news", "category": "national" },
  { "id": "uttarakhand-news", "name": "Uttarakhand News", "slug": "uttar-pradesh-news", "category": "national" },
  { "id": "himachal-pradesh-news", "name": "Himachal Pradesh News", "slug": "himachal-pradesh-news", "category": "national" },
  { "id": "goa-news", "name": "Goa News", "slug": "goa-news", "category": "national" },
  { "id": "northeast-india", "name": "Northeast India News", "slug": "northeast-india", "category": "national" },
  { "id": "union-budget", "name": "Union Budget", "slug": "union-budget", "category": "national" },
  { "id": "schemes-policies", "name": "Government Schemes & Policies (India)", "slug": "schemes-policies", "category": "national" },
  { "id": "census-india", "name": "Census India", "slug": "census-india", "category": "national" },
  { "id": "demographics-india", "name": "Demographics (India)", "slug": "demographics-india", "category": "national" },
  { "id": "regional-development", "name": "Regional Development (India)", "slug": "regional-development", "category": "national" },
  { "id": "urban-development", "name": "Urban Development (India)", "slug": "urban-development", "category": "national" },
  { "id": "rural-development", "name": "Rural Development (India)", "slug": "rural-development", "category": "national" },

  { "key": "International Subcategories==================================================================================", "value": "international" },
  { "id": "us-news", "name": "US News", "slug": "us-news", "category": "international" },
  { "id": "europe-news", "name": "Europe News", "slug": "europe-news", "category": "international" },
  { "id": "asia-news", "name": "Asia News", "slug": "asia-news", "category": "international" },
  { "id": "middle-east", "name": "Middle East News", "slug": "middle-east", "category": "international" },
  { "id": "africa-news", "name": "Africa News", "slug": "africa-news", "category": "international" },
  { "id": "south-america", "name": "South America News", "slug": "south-america", "category": "international" },
  { "id": "oceania-news", "name": "Oceania News", "slug": "oceania-news", "category": "international" },
  { "id": "ukraine-russia-war", "name": "Ukraine-Russia War", "slug": "ukraine-russia-war", "category": "international" },
  { "id": "gaza-conflict", "name": "Gaza Conflict", "slug": "gaza-conflict", "category": "international" },
  { "id": "un-news", "name": "UN News", "slug": "un-news", "category": "international" },
  { "id": "nato-news", "name": "NATO News", "slug": "nato-news", "category": "international" },
  { "id": "global-economy", "name": "Global Economy", "slug": "global-economy", "category": "international" },
  { "id": "human-rights-global", "name": "Human Rights (Global)", "slug": "human-rights-global", "category": "international" },
  { "id": "diplomacy", "name": "Diplomacy", "slug": "diplomacy", "category": "international" },
  { "id": "international-trade", "name": "International Trade", "slug": "international-trade", "category": "international" },
  { "id": "brexit", "name": "Brexit", "slug": "brexit", "category": "international" },

  { "key": "Politics Subcategories==================================================================================", "value": "politics" },
  { "id": "parliament", "name": "Parliament", "slug": "parliament", "category": "politics" },
  { "id": "elections", "name": "Elections", "slug": "elections", "category": "politics" },
  { "id": "election-commission", "name": "Election Commission", "slug": "election-commission", "category": "politics" },
  { "id": "political-parties", "name": "Political Parties", "slug": "political-parties", "category": "politics" },
  { "id": "government", "name": "Government", "slug": "government", "category": "politics" },
  { "id": "cabinet-reshuffle", "name": "Cabinet Reshuffle", "slug": "cabinet-reshuffle", "category": "politics" },
  { "id": "state-politics", "name": "State Politics", "slug": "state-politics", "category": "politics" },
  { "id": "municipal-politics", "name": "Municipal Politics", "slug": "municipal-politics", "category": "politics" },
  { "id": "political-analysis", "name": "Political Analysis", "slug": "political-analysis", "category": "politics" },
  { "id": "foreign-policy", "name": "Foreign Policy", "slug": "foreign-policy", "category": "politics" },
  { "id": "political-scandals", "name": "Political Scandals", "slug": "political-scandals", "category": "politics" },
  { "id": "bylaws", "name": "Bylaws", "slug": "bylaws", "category": "politics" },
  { "id": "judicial-politics", "name": "Judicial Politics", "slug": "judicial-politics", "category": "politics" },
  { "id": "political-protests", "name": "Political Protests", "slug": "political-protests", "category": "politics" },

  { "key": "Business Subcategories==================================================================================", "value": "business" },
  { "id": "stock-market", "name": "Stock Market", "slug": "stock-market", "category": "business" },
  { "id": "nifty", "name": "Nifty", "slug": "nifty", "category": "business" },
  { "id": "sensex", "name": "Sensex", "slug": "sensex", "category": "business" },
  { "id": "mutual-funds", "name": "Mutual Funds", "slug": "mutual-funds", "category": "business" },
  { "id": "forex", "name": "Forex", "slug": "forex", "category": "business" },
  { "id": "economy", "name": "Economy", "slug": "economy", "category": "business" },
  { "id": "inflation", "name": "Inflation", "slug": "inflation", "category": "business" },
  { "id": "gdp", "name": "GDP", "slug": "gdp", "category": "business" },
  { "id": "banking", "name": "Banking", "slug": "banking", "category": "business" },
  { "id": "finance", "name": "Finance", "slug": "finance", "category": "business" },
  { "id": "corporate-news", "name": "Corporate News", "slug": "corporate-news", "category": "business" },
  { "id": "earnings", "name": "Earnings", "slug": "earnings", "category": "business" },
  { "id": "mergers-acquisitions", "name": "Mergers & Acquisitions", "slug": "mergers-acquisitions", "category": "business" },
  { "id": "startups", "name": "Startups", "slug": "startups", "category": "business" },
  { "id": "investment", "name": "Investment", "slug": "investment", "category": "business" },
  { "id": "personal-finance", "name": "Personal Finance", "slug": "personal-finance", "category": "business" },
  { "id": "real-estate", "name": "Real Estate", "slug": "real-estate", "category": "business" },
  { "id": "trade", "name": "Trade", "slug": "trade", "category": "business" },
  { "id": "exports-imports", "name": "Exports & Imports", "slug": "exports-imports", "category": "business" },
  { "id": "msme", "name": "MSME", "slug": "msme", "category": "business" },
  { "id": "agriculture-business", "name": "Agribusiness", "slug": "agriculture-business", "category": "business" },
  { "id": "fmcg", "name": "FMCG", "slug": "fmcg", "category": "business" },
  { "id": "infrastructure", "name": "Infrastructure", "slug": "infrastructure", "category": "business" },
  { "id": "labour-market", "name": "Labour Market", "slug": "labour-market", "category": "business" },
  { "id": "cryptocurrency", "name": "Cryptocurrency", "slug": "cryptocurrency", "category": "business" },
  { "id": "taxes", "name": "Taxes", "slug": "taxes", "category": "business" },
  { "id": "budgets", "name": "Budgets", "slug": "budgets", "category": "business" },

  { "key": "Technology Subcategories==================================================================================", "value": "technology" },
  { "id": "artificial-intelligence", "name": "Artificial Intelligence", "slug": "artificial-intelligence", "category": "technology" },
  { "id": "machine-learning", "name": "Machine Learning", "slug": "machine-learning", "category": "technology" },
  { "id": "deep-learning", "name": "Deep Learning", "slug": "deep-learning", "category": "technology" },
  { "id": "robotics", "name": "Robotics", "slug": "robotics", "category": "technology" },
  { "id": "cybersecurity", "name": "Cybersecurity", "slug": "cybersecurity", "category": "technology" },
  { "id": "data-science", "name": "Data Science", "slug": "data-science", "category": "technology" },
  { "id": "big-data", "name": "Big Data", "slug": "big-data", "category": "technology" },
  { "id": "blockchain", "name": "Blockchain", "slug": "blockchain", "category": "technology" },
  { "id": "web3", "name": "Web3", "slug": "web3", "category": "technology" },
  { "id": "metaverse", "name": "Metaverse", "slug": "metaverse", "category": "technology" },
  { "id": "virtual-reality", "name": "Virtual Reality", "slug": "virtual-reality", "category": "technology" },
  { "id": "augmented-reality", "name": "Augmented Reality", "slug": "augmented-reality", "category": "technology" },
  { "id": "quantum-computing", "name": "Quantum Computing", "slug": "quantum-computing", "category": "technology" },
  { "id": "gadgets", "name": "Gadgets", "slug": "gadgets", "category": "technology" },
  { "id": "smartphones", "name": "Smartphones", "slug": "smartphones", "category": "technology" },
  { "id": "wearables", "name": "Wearables", "slug": "wearables", "category": "technology" },
  { "id": "laptops", "name": "Laptops", "slug": "laptops", "category": "technology" },
  { "id": "software-updates", "name": "Software Updates", "slug": "software-updates", "category": "technology" },
  { "id": "apps", "name": "Apps", "slug": "apps", "category": "technology" },
  { "id": "gaming", "name": "Gaming", "slug": "gaming", "category": "technology" },
  { "id": "esports", "name": "Esports", "slug": "esports", "category": "technology" },
  { "id": "internet", "name": "Internet", "slug": "internet", "category": "technology" },
  { "id": "social-media", "name": "Social Media", "slug": "social-media", "category": "technology" },
  { "id": "fintech", "name": "Fintech", "slug": "fintech", "category": "technology" },
  { "id": "healthtech", "name": "Healthtech", "slug": "healthtech", "category": "technology" },
  { "id": "edutech", "name": "Edutech", "slug": "edutech", "category": "technology" },
  { "id": "space-technology", "name": "Space Technology", "slug": "space-technology", "category": "technology" },
  { "id": "nanotechnology", "name": "Nanotechnology", "slug": "nanotechnology", "category": "technology" },
  { "id": "biotechnology", "name": "Biotechnology", "slug": "biotechnology", "category": "technology" },
  { "id": "clean-tech", "name": "Clean Tech", "slug": "clean-tech", "category": "technology" },
  { "id": "deep-tech", "name": "Deep Tech", "slug": "deep-tech", "category": "technology" },
  { "id": "digital-privacy", "name": "Digital Privacy", "slug": "digital-privacy", "category": "technology" },
  { "id": "online-security", "name": "Online Security", "slug": "online-security", "category": "technology" },

  { "key": "Sports Subcategories==================================================================================", "value": "sports" },
  { "id": "football", "name": "Football", "slug": "football", "category": "sports" },
  { "id": "premier-league", "name": "Premier League", "slug": "premier-league", "category": "sports" },
  { "id": "la-liga", "name": "La Liga", "slug": "la-liga", "category": "sports" },
  { "id": "champions-league", "name": "Champions League", "slug": "champions-league", "category": "sports" },
  { "id": "fifa-world-cup", "name": "FIFA World Cup", "slug": "fifa-world-cup", "category": "sports" },
  { "id": "isl", "name": "ISL", "slug": "isl", "category": "sports" },
  { "id": "cricket", "name": "Cricket", "slug": "cricket", "category": "sports" },
  { "id": "ipl", "name": "IPL", "slug": "ipl", "category": "sports" },
  { "id": "odi-cricket", "name": "ODI Cricket", "slug": "odi-cricket", "category": "sports" },
  { "id": "test-cricket", "name": "Test Cricket", "slug": "test-cricket", "category": "sports" },
  { "id": "t20-cricket", "name": "T20 Cricket", "slug": "t20-cricket", "category": "sports" },
  { "id": "cricket-world-cup", "name": "Cricket World Cup", "slug": "cricket-world-cup", "category": "sports" },
  { "id": "asia-cup", "name": "Asia Cup", "slug": "asia-cup", "category": "sports" },
  { "id": "basketball", "name": "Basketball", "slug": "basketball", "category": "sports" },
  { "id": "nba", "name": "NBA", "slug": "nba", "category": "sports" },
  { "id": "tennis", "name": "Tennis", "slug": "tennis", "category": "sports" },
  { "id": "grand-slams", "name": "Grand Slams (Tennis)", "slug": "grand-slams", "category": "sports" },
  { "id": "badminton", "name": "Badminton", "slug": "badminton", "category": "sports" },
  { "id": "hockey", "name": "Hockey", "slug": "hockey", "category": "sports" },
  { "id": "athletics", "name": "Athletics", "slug": "athletics", "category": "sports" },
  { "id": "olympics", "name": "Olympics", "slug": "olympics", "category": "sports" },
  { "id": "paralympics", "name": "Paralympics", "slug": "paralympics", "category": "sports" },
  { "id": "asian-games", "name": "Asian Games", "slug": "asian-games", "category": "sports" },
  { "id": "commonwealth-games", "name": "Commonwealth Games", "slug": "commonwealth-games", "category": "sports" },
  { "id": "kabaddi", "name": "Kabaddi", "slug": "kabaddi", "category": "sports" },
  { "id": "wrestling", "name": "Wrestling", "slug": "wrestling", "category": "sports" },
  { "id": "boxing", "name": "Boxing", "slug": "boxing", "category": "sports" },
  { "id": "motorsports", "name": "Motorsports", "slug": "motorsports", "category": "sports" },
  { "id": "formula-1", "name": "Formula 1", "slug": "formula-1", "category": "sports" },
  { "id": "golf", "name": "Golf", "slug": "golf", "category": "sports" },
  { "id": "volleyball", "name": "Volleyball", "slug": "volleyball", "category": "sports" },
  { "id": "table-tennis", "name": "Table Tennis", "slug": "table-tennis", "category": "sports" },
  { "id": "chess", "name": "Chess", "slug": "chess", "category": "sports" },
  { "id": "weightlifting", "name": "Weightlifting", "slug": "weightlifting", "category": "sports" },
  { "id": "shooting", "name": "Shooting", "slug": "shooting", "category": "sports" },
  { "id": "archery", "name": "Archery", "slug": "archery", "category": "sports" },
  { "id": "swimming", "name": "Swimming", "slug": "swimming", "category": "sports" },
  { "id": "gymnastics", "name": "Gymnastics", "slug": "gymnastics", "category": "sports" },
  { "id": "sailing", "name": "Sailing", "slug": "sailing", "category": "sports" },
  { "id": "rugby", "name": "Rugby", "slug": "rugby", "category": "sports" },
  { "id": "handball", "name": "Handball", "slug": "handball", "category": "sports" },
  { "id": "triathlon", "name": "Triathlon", "slug": "triathlon", "category": "sports" },
  { "id": "cycling", "name": "Cycling", "slug": "cycling", "category": "sports" },
  { "id": "skiing", "name": "Skiing", "slug": "skiing", "category": "sports" },
  { "id": "ice-hockey", "name": "Ice Hockey", "slug": "ice-hockey", "category": "sports" },
  { "id": "curling", "name": "Curling", "slug": "curling", "category": "sports" },
  { "id": "figure-skating", "name": "Figure Skating", "slug": "figure-skating", "category": "sports" },
  { "id": "snowboarding", "name": "Snowboarding", "slug": "snowboarding", "category": "sports" },
  { "id": "biathlon", "name": "Biathlon", "slug": "biathlon", "category": "sports" },
  { "id": "freestyle-skiing", "name": "Freestyle Skiing", "slug": "freestyle-skiing", "category": "sports" },
  { "id": "bobsleigh", "name": "Bobsleigh", "slug": "bobsleigh", "category": "sports" },
  { "id": "luge", "name": "Luge", "slug": "luge", "category": "sports" },
  { "id": "skeleton", "name": "Skeleton", "slug": "skeleton", "category": "sports" },
  { "id": "speed-skating", "name": "Speed Skating", "slug": "speed-skating", "category": "sports" },
  { "id": "fencing", "name": "Fencing", "slug": "fencing", "category": "sports" },
  { "id": "canoeing", "name": "Canoeing", "slug": "canoeing", "category": "sports" },
  { "id": "rowing", "name": "Rowing", "slug": "rowing", "category": "sports" },
  { "id": "gymnastics-artistic", "name": "Artistic Gymnastics", "slug": "gymnastics-artistic", "category": "sports" },
  { "id": "gymnastics-rhythmic", "name": "Rhythmic Gymnastics", "slug": "gymnastics-rhythmic", "category": "sports" },
  { "id": "trampoline", "name": "Trampoline Gymnastics", "slug": "trampoline", "category": "sports" },
  { "id": "artistic-swimming", "name": "Artistic Swimming", "slug": "artistic-swimming", "category": "sports" },
  { "id": "diving", "name": "Diving", "slug": "diving", "category": "sports" },
  { "id": "water-polo", "name": "Water Polo", "slug": "water-polo", "category": "sports" },
  { "id": "taekwondo", "name": "Taekwondo", "slug": "taekwondo", "category": "sports" },
  { "id": "judo", "name": "Judo", "slug": "judo", "category": "sports" },
  { "id": "karate", "name": "Karate", "slug": "karate", "category": "sports" },
  { "id": "modern-pentathlon", "name": "Modern Pentathlon", "slug": "modern-pentathlon", "category": "sports" },
  { "id": "equestrian", "name": "Equestrian", "slug": "equestrian", "category": "sports" },
  { "id": "squash", "name": "Squash", "slug": "squash", "category": "sports" },
  { "id": "billiards", "name": "Billiards", "slug": "billiards", "category": "sports" },
  { "id": "powerlifting", "name": "Powerlifting", "slug": "powerlifting", "category": "sports" },
  { "id": "bodybuilding", "name": "Bodybuilding", "slug": "bodybuilding", "category": "sports" },
  { "id": "surfing", "name": "Surfing", "slug": "surfing", "category": "sports" },
  { "id": "skateboarding", "name": "Skateboarding", "slug": "skateboarding", "category": "sports" },
  { "id": "climbing", "name": "Sport Climbing", "slug": "climbing", "category": "sports" },
  { "id": "baseball", "name": "Baseball", "slug": "baseball", "category": "sports" },
  { "id": "softball", "name": "Softball", "slug": "softball", "category": "sports" },
  { "id": "aussie-rules", "name": "Australian Rules Football", "slug": "aussie-rules", "category": "sports" },
  { "id": "gaelic-games", "name": "Gaelic Games", "slug": "gaelic-games", "category": "sports" },
  { "id": "sumo", "name": "Sumo Wrestling", "slug": "sumo", "category": "sports" },
  { "id": "marathon", "name": "Marathon", "slug": "marathon", "category": "sports" },
  { "id": "ultramarathon", "name": "Ultramarathon", "slug": "ultramarathon", "category": "sports" },
  { "id": "triathlon-ironman", "name": "Ironman Triathlon", "slug": "triathlon-ironman", "category": "sports" },
  { "id": "cycling-tour-de-france", "name": "Tour de France", "slug": "cycling-tour-de-france", "category": "sports" },
  { "id": "motorsports-rally", "name": "Rally Racing", "slug": "motorsports-rally", "category": "sports" },
  { "id": "motorsports-nascar", "name": "NASCAR", "slug": "motorsports-nascar", "category": "sports" },
  { "id": "sports-analysis", "name": "Sports Analysis", "slug": "sports-analysis", "category": "sports" },
  { "id": "athlete-interviews", "name": "Athlete Interviews", "slug": "athlete-interviews", "category": "sports" },
  { "id": "sports-injuries", "name": "Sports Injuries", "slug": "sports-injuries", "category": "sports" },
  { "id": "doping-sports", "name": "Doping in Sports", "slug": "doping-sports", "category": "sports" },
  { "id": "sports-ethics", "name": "Sports Ethics", "slug": "sports-ethics", "category": "sports" },
  { "id": "sports-politics", "name": "Sports Politics", "slug": "sports-politics", "category": "sports" },
  { "id": "sports-business", "name": "Sports Business", "slug": "sports-business", "category": "sports" },
  { "id": "fantasy-sports", "name": "Fantasy Sports", "slug": "fantasy-sports", "category": "sports" },
  { "id": "sports-betting", "name": "Sports Betting", "slug": "sports-betting", "category": "sports" },
  { "id": "sports-records", "name": "Sports Records", "slug": "sports-records", "category": "sports" },
  { "id": "sports-history", "name": "Sports History", "slug": "sports-history", "category": "sports" },
  { "id": "youth-sports", "name": "Youth Sports", "slug": "youth-sports", "category": "sports" },
  { "id": "women-in-sports", "name": "Women in Sports", "slug": "women-in-sports", "category": "sports" },
  { "id": "para-sports", "name": "Para Sports", "slug": "para-sports", "category": "sports" },
  { "id": "grassroots-sports", "name": "Grassroots Sports", "slug": "grassroots-sports", "category": "sports" },
  { "id": "sports-infrastructure", "name": "Sports Infrastructure", "slug": "sports-infrastructure", "category": "sports" },
  { "id": "sports-nutrition", "name": "Sports Nutrition", "slug": "sports-nutrition", "category": "sports" },
  { "id": "sports-psychology", "name": "Sports Psychology", "slug": "sports-psychology", "category": "sports" },
  { "id": "sports-medicine", "name": "Sports Medicine", "slug": "sports-medicine", "category": "sports" },

  { "key": "Entertainment Subcategories==================================================================================", "value": "entertainment" },
  { "id": "bollywood", "name": "Bollywood", "slug": "bollywood", "category": "entertainment" },
  { "id": "hollywood", "name": "Hollywood", "slug": "hollywood", "category": "entertainment" },
  { "id": "tollywood", "name": "Tollywood", "slug": "tollywood", "category": "entertainment" },
  { "id": "kollywood", "name": "Kollywood", "slug": "kollywood", "category": "entertainment" },
  { "id": "mollywood", "name": "Mollywood", "slug": "mollywood", "category": "entertainment" },
  { "id": "sandalwood", "name": "Sandalwood", "slug": "sandalwood", "category": "entertainment" },
  { "id": "music", "name": "Music", "slug": "music", "category": "entertainment" },
  { "id": "indian-music", "name": "Indian Music", "slug": "indian-music", "category": "entertainment" },
  { "id": "global-music", "name": "Global Music", "slug": "global-music", "category": "entertainment" },
  { "id": "film-reviews", "name": "Film Reviews", "slug": "film-reviews", "category": "entertainment" },
  { "id": "box-office", "name": "Box Office", "slug": "box-office", "category": "entertainment" },
  { "id": "tv-shows", "name": "TV Shows", "slug": "tv-shows", "category": "entertainment" },
  { "id": "ott-platforms", "name": "OTT Platforms", "slug": "ott-platforms", "category": "entertainment" },
  { "id": "web-series", "name": "Web Series", "slug": "web-series", "category": "entertainment" },
  { "id": "celebrity-news", "name": "Celebrity News", "slug": "celebrity-news", "category": "entertainment" },
  { "id": "fashion", "name": "Fashion", "slug": "fashion", "category": "entertainment" },
  { "id": "art-culture", "name": "Art & Culture", "slug": "art-culture", "category": "entertainment" },
  { "id": "theatre", "name": "Theatre", "slug": "theatre", "category": "entertainment" },
  { "id": "comedy", "name": "Comedy", "slug": "comedy", "category": "entertainment" },
  { "id": "dance", "name": "Dance", "slug": "dance", "category": "entertainment" },
  { "id": "gaming-entertainment", "name": "Gaming", "slug": "gaming-entertainment", "category": "entertainment" },
  { "id": "awards", "name": "Awards & Events", "slug": "awards", "category": "entertainment" },
  { "id": "red-carpet", "name": "Red Carpet", "slug": "red-carpet", "category": "entertainment" },
  { "id": "film-festivals", "name": "Film Festivals", "slug": "film-festivals", "category": "entertainment" },
  { "id": "music-festivals", "name": "Music Festivals", "slug": "music-festivals", "category": "entertainment" },
  { "id": "celebrity-interviews", "name": "Celebrity Interviews", "slug": "celebrity-interviews", "category": "entertainment" },
  { "id": "biographies", "name": "Biographies (Entertainment)", "slug": "biographies", "category": "entertainment" },
  { "id": "gossip", "name": "Gossip", "slug": "gossip", "category": "entertainment" },
  { "id": "viral-content", "name": "Viral Content", "slug": "viral-content", "category": "entertainment" },
  { "id": "social-media-trends-entertainment", "name": "Social Media Trends (Entertainment)", "slug": "social-media-trends-entertainment", "category": "entertainment" },

  { "key": "Health Subcategories==================================================================================", "value": "health" },
  { "id": "medical-research", "name": "Medical Research", "slug": "medical-research", "category": "health" },
  { "id": "public-health", "name": "Public Health", "slug": "public-health", "category": "health" },
  { "id": "mental-health", "name": "Mental Health", "slug": "mental-health", "category": "health" },
  { "id": "nutrition", "name": "Nutrition", "slug": "nutrition", "category": "health" },
  { "id": "fitness", "name": "Fitness", "slug": "fitness", "category": "health" },
  { "id": "diseases-conditions", "name": "Diseases & Conditions", "slug": "diseases-conditions", "category": "health" },
  { "id": "cancer", "name": "Cancer", "slug": "cancer", "category": "health" },
  { "id": "diabetes", "name": "Diabetes", "slug": "diabetes", "category": "health" },
  { "id": "heart-health", "name": "Heart Health", "slug": "heart-health", "category": "health" },
  { "id": "infectious-diseases", "name": "Infectious Diseases", "slug": "infectious-diseases", "category": "health" },
  { "id": "vaccines", "name": "Vaccines", "slug": "vaccines", "category": "health" },
  { "id": "pharma-news", "name": "Pharma News", "slug": "pharma-news", "category": "health" },
  { "id": "ayurveda", "name": "Ayurveda", "slug": "ayurveda", "category": "health" },
  { "id": "yoga-naturopathy", "name": "Yoga & Naturopathy", "slug": "yoga-naturopathy", "category": "health" },
  { "id": "homeopathy", "name": "Homeopathy", "slug": "homeopathy", "category": "health" },
  { "id": "hospitals-healthcare", "name": "Hospitals & Healthcare", "slug": "hospitals-healthcare", "category": "health" },
  { "id": "medical-ethics", "name": "Medical Ethics", "slug": "medical-ethics", "category": "health" },
  { "id": "global-health", "name": "Global Health", "slug": "global-health", "category": "health" },

  { "key": "Education Subcategories==================================================================================", "value": "education" },
  { "id": "higher-education", "name": "Higher Education", "slug": "higher-education", "category": "education" },
  { "id": "school-education", "name": "School Education", "slug": "school-education", "category": "education" },
  { "id": "exams-results", "name": "Exams & Results", "slug": "exams-results", "category": "education" },
  { "id": "admission-news", "name": "Admission News", "slug": "admission-news", "category": "education" },
  { "id": "scholarships", "name": "Scholarships", "slug": "scholarships", "category": "education" },
  { "id": "educational-policy", "name": "Educational Policy", "slug": "educational-policy", "category": "education" },
  { "id": "research-education", "name": "Research (Education)", "slug": "research-education", "category": "education" },
  { "id": "online-learning", "name": "Online Learning", "slug": "online-learning", "category": "education" },
  { "id": "vocational-training", "name": "Vocational Training", "slug": "vocational-training", "category": "education" },
  { "id": "student-life", "name": "Student Life", "slug": "student-life", "category": "education" },
  { "id": "teacher-news", "name": "Teacher News", "slug": "teacher-news", "category": "education" },
  { "id": "skill-development", "name": "Skill Development", "slug": "skill-development", "category": "education" },
  { "id": "edtech", "name": "EdTech", "slug": "edtech", "category": "education" },

  { "key": "Science Subcategories==================================================================================", "value": "science" },
  { "id": "astronomy", "name": "Astronomy", "slug": "astronomy", "category": "science" },
  { "id": "space-exploration", "name": "Space Exploration", "slug": "space-exploration", "category": "science" },
  { "id": "physics", "name": "Physics", "slug": "physics", "category": "science" },
  { "id": "chemistry", "name": "Chemistry", "slug": "chemistry", "category": "science" },
  { "id": "biology", "name": "Biology", "slug": "biology", "category": "science" },
  { "id": "genetics", "name": "Genetics", "slug": "genetics", "category": "science" },
  { "id": "medical-science", "name": "Medical Science", "slug": "medical-science", "category": "science" },
  { "id": "neuroscience", "name": "Neuroscience", "slug": "neuroscience", "category": "science" },
  { "id": "environmental-science", "name": "Environmental Science", "slug": "environmental-science", "category": "science" },
  { "id": "earth-science", "name": "Earth Science", "slug": "earth-science", "category": "science" },
  { "id": "paleontology", "name": "Paleontology", "slug": "paleontology", "category": "science" },
  { "id": "archaeology", "name": "Archaeology", "slug": "archaeology", "category": "science" },
  { "id": "discoveries", "name": "Discoveries", "slug": "discoveries", "category": "science" },
  { "id": "scientific-research", "name": "Scientific Research", "slug": "scientific-research", "category": "science" },
  { "id": "innovations-science", "name": "Innovations (Science)", "slug": "innovations-science", "category": "science" },

  { "key": "Environment Subcategories==================================================================================", "value": "environment" },
  { "id": "climate-change", "name": "Climate Change", "slug": "climate-change", "category": "environment" },
  { "id": "global-warming", "name": "Global Warming", "slug": "global-warming", "category": "environment" },
  { "id": "pollution", "name": "Pollution", "slug": "pollution", "category": "environment" },
  { "id": "air-pollution", "name": "Air Pollution", "slug": "air-pollution", "category": "environment" },
  { "id": "water-pollution", "name": "Water Pollution", "slug": "water-pollution", "category": "environment" },
  { "id": "noise-pollution", "name": "Noise Pollution", "slug": "noise-pollution", "category": "environment" },
  { "id": "waste-management", "name": "Waste Management", "slug": "waste-management", "category": "environment" },
  { "id": "conservation", "name": "Conservation", "slug": "conservation", "category": "environment" },
  { "id": "wildlife-conservation", "name": "Wildlife Conservation", "slug": "wildlife-conservation", "category": "environment" },
  { "id": "forests", "name": "Forests", "slug": "forests", "category": "environment" },
  { "id": "oceans", "name": "Oceans", "slug": "oceans", "category": "environment" },
  { "id": "biodiversity", "name": "Biodiversity", "slug": "biodiversity", "category": "environment" },
  { "id": "renewable-energy", "name": "Renewable Energy", "slug": "renewable-energy", "category": "environment" },
  { "id": "solar-energy", "name": "Solar Energy", "slug": "solar-energy", "category": "environment" },
  { "id": "wind-energy", "name": "Wind Energy", "slug": "wind-energy", "category": "environment" },
  { "id": "hydro-energy", "name": "Hydro Energy", "slug": "hydro-energy", "category": "environment" },
  { "id": "environmental-policies", "name": "Environmental Policies", "slug": "environmental-policies", "category": "environment" },
  { "id": "natural-resources", "name": "Natural Resources", "slug": "natural-resources", "category": "environment" },
  { "id": "sustainable-development", "name": "Sustainable Development", "slug": "sustainable-development", "category": "environment" },
  { "id": "environmental-activism", "name": "Environmental Activism", "slug": "environmental-activism", "category": "environment" },

  { "key": "Crime Subcategories==================================================================================", "value": "crime" },
  { "id": "cyber-crime", "name": "Cyber Crime", "slug": "cyber-crime", "category": "crime" },
  { "id": "fraud", "name": "Fraud", "slug": "fraud", "category": "crime" },
  { "id": "theft", "name": "Theft", "slug": "theft", "category": "crime" },
  { "id": "murder", "name": "Murder", "slug": "murder", "category": "crime" },
  { "id": "assault", "name": "Assault", "slug": "assault", "category": "crime" },
  { "id": "sexual-assault", "name": "Sexual Assault", "slug": "sexual-assault", "category": "crime" },
  { "id": "kidnapping", "name": "Kidnapping", "slug": "kidnapping", "category": "crime" },
  { "id": "terrorism", "name": "Terrorism", "slug": "terrorism", "category": "crime" },
  { "id": "organised-crime", "name": "Organised Crime", "slug": "organised-crime", "category": "crime" },
  { "id": "drug-trafficking", "name": "Drug Trafficking", "slug": "drug-trafficking", "category": "crime" },
  { "id": "human-trafficking", "name": "Human Trafficking", "slug": "human-trafficking", "category": "crime" },
  { "id": "corruption", "name": "Corruption", "slug": "corruption", "category": "crime" },
  { "id": "money-laundering", "name": "Money Laundering", "slug": "money-laundering", "category": "crime" },
  { "id": "police-investigations", "name": "Police Investigations", "slug": "police-investigations", "category": "crime" },
  { "id": "court-cases", "name": "Court Cases", "slug": "court-cases", "category": "crime" },
  { "id": "legal-reforms", "name": "Legal Reforms (Crime)", "slug": "legal-reforms", "category": "crime" },
  { "id": "prisons", "name": "Prisons", "slug": "prisons", "category": "crime" },
  { "id": "juvenile-crime", "name": "Juvenile Crime", "slug": "juvenile-crime", "category": "crime" },
  { "id": "white-collar-crime", "name": "White-Collar Crime", "slug": "white-collar-crime", "category": "crime" },
  { "id": "hate-crimes", "name": "Hate Crimes", "slug": "hate-crimes", "category": "crime" },

  { "key": "Disasters Subcategories==================================================================================", "value": "disasters" },
  { "id": "earthquakes", "name": "Earthquakes", "slug": "earthquakes", "category": "disasters" },
  { "id": "floods", "name": "Floods", "slug": "floods", "category": "disasters" },
  { "id": "cyclones", "name": "Cyclones", "slug": "cyclones", "category": "disasters" },
  { "id": "landslides", "name": "Landslides", "slug": "landslides", "category": "disasters" },
  { "id": "tsunamis", "name": "Tsunamis", "slug": "tsunamis", "category": "disasters" },
  { "id": "wildfires", "name": "Wildfires", "slug": "wildfires", "category": "disasters" },
  { "id": "droughts", "name": "Droughts", "slug": "droughts", "category": "disasters" },
  { "id": "heatwaves", "name": "Heatwaves", "slug": "heatwaves", "category": "disasters" },
  { "id": "accidents-road", "name": "Road Accidents", "slug": "accidents-road", "category": "disasters" },
  { "id": "accidents-rail", "name": "Rail Accidents", "slug": "accidents-rail", "category": "disasters" },
  { "id": "accidents-air", "name": "Air Accidents", "slug": "accidents-air", "category": "disasters" },
  { "id": "industrial-accidents", "name": "Industrial Accidents", "slug": "industrial-accidents", "category": "disasters" },
  { "id": "building-collapses", "name": "Building Collapses", "slug": "building-collapses", "category": "disasters" },
  { "id": "emergency-response", "name": "Emergency Response", "slug": "emergency-response", "category": "disasters" },
  { "id": "relief-operations", "name": "Relief Operations", "slug": "relief-operations", "category": "disasters" },
  { "id": "humanitarian-crisis", "name": "Humanitarian Crisis", "slug": "humanitarian-crisis", "category": "disasters" },
  { "id": "pandemic-response", "name": "Pandemic Response", "slug": "pandemic-response", "category": "disasters" },

  { "key": "Lifestyle Subcategories==================================================================================", "value": "lifestyle" },
  { "id": "fashion-trends", "name": "Fashion Trends", "slug": "fashion-trends", "category": "lifestyle" },
  { "id": "beauty", "name": "Beauty", "slug": "beauty", "category": "lifestyle" },
  { "id": "travel-lifestyle", "name": "Travel (Lifestyle)", "slug": "travel-lifestyle", "category": "lifestyle" },
  { "id": "food-drink", "name": "Food & Drink", "slug": "food-drink", "category": "lifestyle" },
  { "id": "home-decor", "name": "Home Decor", "slug": "home-decor", "category": "lifestyle" },
  { "id": "relationships", "name": "Relationships", "slug": "relationships", "category": "lifestyle" },
  { "id": "parenting", "name": "Parenting", "slug": "parenting", "category": "lifestyle" },
  { "id": "career-advice", "name": "Career Advice", "slug": "career-advice", "category": "lifestyle" },
  { "id": "hobbies", "name": "Hobbies", "slug": "hobbies", "category": "lifestyle" },
  { "id": "pets", "name": "Pets", "slug": "pets", "category": "lifestyle" },
  { "id": "wellness-lifestyle", "name": "Wellness (Lifestyle)", "slug": "wellness-lifestyle", "category": "lifestyle" },
  { "id": "personal-development", "name": "Personal Development", "slug": "personal-development", "category": "lifestyle" },
  { "id": "etiquette", "name": "Etiquette", "slug": "etiquette", "category": "lifestyle" },
  { "id": "self-care", "name": "Self Care", "slug": "self-care", "category": "lifestyle" },
  { "id": "digital-wellness", "name": "Digital Wellness", "slug": "digital-wellness", "category": "lifestyle" },

  { "key": "Culture Subcategories==================================================================================", "value": "culture" },
  { "id": "arts", "name": "Arts", "slug": "arts", "category": "culture" },
  { "id": "literature", "name": "Literature", "slug": "literature", "category": "culture" },
  { "id": "history", "name": "History", "slug": "history", "category": "culture" },
  { "id": "heritage", "name": "Heritage", "slug": "heritage", "category": "culture" },
  { "id": "festivals", "name": "Festivals", "slug": "festivals", "category": "culture" },
  { "id": "traditions", "name": "Traditions", "slug": "traditions", "category": "culture" },
  { "id": "philosophy", "name": "Philosophy", "slug": "philosophy", "category": "culture" },
  { "id": "religion", "name": "Religion", "slug": "religion", "category": "culture" },
  { "id": "languages", "name": "Languages", "slug": "languages", "category": "culture" },
  { "id": "museums", "name": "Museums", "slug": "museums", "category": "culture" },
  { "id": "galleries", "name": "Art Galleries", "slug": "galleries", "category": "culture" },
  { "id": "performing-arts", "name": "Performing Arts", "slug": "performing-arts", "category": "culture" },
  { "id": "visual-arts", "name": "Visual Arts", "slug": "visual-arts", "category": "culture" },
  { "id": "fashion-culture", "name": "Fashion & Culture", "slug": "fashion-culture", "category": "culture" },
  { "id": "subcultures", "name": "Subcultures", "slug": "subcultures", "category": "culture" },
  { "id": "indigenous-culture", "name": "Indigenous Culture", "slug": "indigenous-culture", "category": "culture" },

  { "key": "Opinion Subcategories==================================================================================", "value": "opinion" },
  { "id": "editorials", "name": "Editorials", "slug": "editorials", "category": "opinion" },
  { "id": "columns", "name": "Columns", "slug": "columns", "category": "opinion" },
  { "id": "expert-analysis", "name": "Expert Analysis", "slug": "expert-analysis", "category": "opinion" },
  { "id": "reader-feedback", "name": "Reader Feedback", "slug": "reader-feedback", "category": "opinion" },
  { "id": "public-discourse", "name": "Public Discourse", "slug": "public-discourse", "category": "opinion" },
  { "id": "debates", "name": "Debates", "slug": "debates", "category": "opinion" },
  { "id": "letters-to-editor", "name": "Letters to the Editor", "slug": "letters-to-editor", "category": "opinion" },

  { "key": "Fact Check Subcategories==================================================================================", "value": "fact-check" },
  { "id": "political-fact-check", "name": "Political Fact Check", "slug": "political-fact-check", "category": "fact-check" },
  { "id": "health-fact-check", "name": "Health Fact Check", "slug": "health-fact-check", "category": "fact-check" },
  { "id": "viral-fact-check", "name": "Viral Fact Check", "slug": "viral-fact-check", "category": "fact-check" },
  { "id": "misinformation", "name": "Misinformation", "slug": "misinformation", "category": "fact-check" },
  { "id": "disinformation", "name": "Disinformation", "slug": "disinformation", "category": "fact-check" },

  { "key": "Explainer Subcategories==================================================================================", "value": "explainer" },
  { "id": "policy-explainer", "name": "Policy Explainer", "slug": "policy-explainer", "category": "explainer" },
  { "id": "tech-explainer", "name": "Tech Explainer", "slug": "tech-explainer", "category": "explainer" },
  { "id": "science-explainer", "name": "Science Explainer", "slug": "science-explainer", "category": "explainer" },
  { "id": "economic-explainer", "name": "Economic Explainer", "slug": "economic-explainer", "category": "explainer" },
  { "id": "historical-context", "name": "Historical Context", "slug": "historical-context", "category": "explainer" },
  { "id": "faq", "name": "FAQ", "slug": "faq", "category": "explainer" },

  { "key": "Auto Subcategories==================================================================================", "value": "auto" },
  { "id": "electric-vehicles", "name": "Electric Vehicles", "slug": "electric-vehicles", "category": "auto" },
  { "id": "car-reviews", "name": "Car Reviews", "slug": "car-reviews", "category": "auto" },
  { "id": "bike-reviews", "name": "Bike Reviews", "slug": "bike-reviews", "category": "auto" },
  { "id": "automotive-tech", "name": "Automotive Tech", "slug": "automotive-tech", "category": "auto" },
  { "id": "industry-news-auto", "name": "Industry News (Auto)", "slug": "industry-news-auto", "category": "auto" },
  { "id": "new-launches", "name": "New Launches (Auto)", "slug": "new-launches", "category": "auto" },
  { "id": "auto-policy", "name": "Auto Policy", "slug": "auto-policy", "category": "auto" },
  { "id": "fuel-prices", "name": "Fuel Prices", "slug": "fuel-prices", "category": "auto" },

  { "key": "Travel Subcategories==================================================================================", "value": "travel" },
  { "id": "domestic-travel", "name": "Domestic Travel", "slug": "domestic-travel", "category": "travel" },
  { "id": "international-travel", "name": "International Travel", "slug": "international-travel", "category": "travel" },
  { "id": "adventure-travel", "name": "Adventure Travel", "slug": "adventure-travel", "category": "travel" },
  { "id": "pilgrimage", "name": "Pilgrimage", "slug": "pilgrimage", "category": "travel" },
  { "id": "travel-tips", "name": "Travel Tips", "slug": "travel-tips", "category": "travel" },
  { "id": "tourism-policy", "name": "Tourism Policy", "slug": "tourism-policy", "category": "travel" },
  { "id": "travel-restrictions", "name": "Travel Restrictions", "slug": "travel-restrictions", "category": "travel" },
  { "id": "airlines", "name": "Airlines News", "slug": "airlines", "category": "travel" },
  { "id": "hotels-resorts", "name": "Hotels & Resorts", "slug": "hotels-resorts", "category": "travel" },

  { "key": "Food Subcategories==================================================================================", "value": "food" },
  { "id": "recipes", "name": "Recipes", "slug": "recipes", "category": "food" },
  { "id": "restaurant-reviews", "name": "Restaurant Reviews", "slug": "restaurant-reviews", "category": "food" },
  { "id": "food-trends", "name": "Food Trends", "slug": "food-trends", "category": "food" },
  { "id": "nutrition-food", "name": "Nutrition (Food)", "slug": "nutrition-food", "category": "food" },
  { "id": "food-safety", "name": "Food Safety", "slug": "food-safety", "category": "food" },
  { "id": "food-industry", "name": "Food Industry", "slug": "food-industry", "category": "food" },
  { "id": "street-food", "name": "Street Food", "slug": "street-food", "category": "food" },
  { "id": "cooking-tips", "name": "Cooking Tips", "slug": "cooking-tips", "category": "food" },

  { "key": "Real Estate Subcategories==================================================================================", "value": "real-estate" },
  { "id": "residential-property", "name": "Residential Property", "slug": "residential-property", "category": "real-estate" },
  { "id": "commercial-property", "name": "Commercial Property", "slug": "commercial-property", "category": "real-estate" },
  { "id": "property-investment", "name": "Property Investment", "slug": "property-investment", "category": "real-estate" },
  { "id": "housing-loans", "name": "Housing Loans", "slug": "housing-loans", "category": "real-estate" },
  { "id": "rental-market", "name": "Rental Market", "slug": "rental-market", "category": "real-estate" },
  { "id": "urban-planning", "name": "Urban Planning", "slug": "urban-planning", "category": "real-estate" },
  { "id": "construction-news", "name": "Construction News", "slug": "construction-news", "category": "real-estate" },

  { "key": "Agriculture Subcategories==================================================================================", "value": "agriculture" },
  { "id": "farm-policies", "name": "Farm Policies", "slug": "farm-policies", "category": "agriculture" },
  { "id": "crop-updates", "name": "Crop Updates", "slug": "crop-updates", "category": "agriculture" },
  { "id": "livestock", "name": "Livestock", "slug": "livestock", "category": "agriculture" },
  { "id": "fisheries", "name": "Fisheries", "slug": "fisheries", "category": "agriculture" },
  { "id": "food-security", "name": "Food Security", "slug": "food-security", "category": "agriculture" },
  { "id": "farmer-issues", "name": "Farmer Issues", "slug": "farmer-issues", "category": "agriculture" },
  { "id": "agri-tech", "name": "AgriTech", "slug": "agri-tech", "category": "agriculture" },

  { "key": "Defence Subcategories==================================================================================", "value": "defence" },
  { "id": "indian-army", "name": "Indian Army", "slug": "indian-army", "category": "defence" },
  { "id": "indian-navy", "name": "Indian Navy", "slug": "indian-navy", "category": "defence" },
  { "id": "indian-air-force", "name": "Indian Air Force", "slug": "indian-air-force", "category": "defence" },
  { "id": "military-exercises", "name": "Military Exercises", "slug": "military-exercises", "category": "defence" },
  { "id": "defence-deals", "name": "Defence Deals", "slug": "defence-deals", "category": "defence" },
  { "id": "border-security", "name": "Border Security", "slug": "border-security", "category": "defence" },
  { "id": "national-security", "name": "National Security", "slug": "national-security", "category": "defence" },
  { "id": "cyber-defence", "name": "Cyber Defence", "slug": "cyber-defence", "category": "defence" },
  { "id": "weapon-systems", "name": "Weapon Systems", "slug": "weapon-systems", "category": "defence" },

  { "key": "Space Subcategories==================================================================================", "value": "space" },
  { "id": "isro", "name": "ISRO", "slug": "isro", "category": "space" },
  { "id": "nasa", "name": "NASA", "slug": "nasa", "category": "space" },
  { "id": "space-missions", "name": "Space Missions", "slug": "space-missions", "category": "space" },
  { "id": "satellites", "name": "Satellites", "slug": "satellites", "category": "space" },
  { "id": "astronomy-space", "name": "Astronomy (Space)", "slug": "astronomy-space", "category": "space" },
  { "id": "private-space", "name": "Private Space Companies", "slug": "private-space", "category": "space" },
  { "id": "space-tourism", "name": "Space Tourism", "slug": "space-tourism", "category": "space" },

  { "key": "Energy Subcategories==================================================================================", "value": "energy" },
  { "id": "fossil-fuels", "name": "Fossil Fuels", "slug": "fossil-fuels", "category": "energy" },
  { "id": "solar-energy-energy", "name": "Solar Energy (Energy)", "slug": "solar-energy-energy", "category": "energy" },
  { "id": "wind-energy-energy", "name": "Wind Energy (Energy)", "slug": "wind-energy-energy", "category": "energy" },
  { "id": "nuclear-energy", "name": "Nuclear Energy", "slug": "nuclear-energy", "category": "energy" },
  { "id": "power-grid", "name": "Power Grid", "slug": "power-grid", "category": "energy" },
  { "id": "energy-policy", "name": "Energy Policy", "slug": "energy-policy", "category": "energy" },
  { "id": "oil-gas", "name": "Oil & Gas", "slug": "oil-gas", "category": "energy" },
  { "id": "renewable-energy-energy", "name": "Renewable Energy (Energy)", "slug": "renewable-energy-energy", "category": "energy" },

  { "key": "Judicial Subcategories==================================================================================", "value": "judicial" },
  { "id": "supreme-court", "name": "Supreme Court", "slug": "supreme-court", "category": "judicial" },
  { "id": "high-courts", "name": "High Courts", "slug": "high-courts", "category": "judicial" },
  { "id": "district-courts", "name": "District Courts", "slug": "district-courts", "category": "judicial" },
  { "id": "legal-judgments", "name": "Legal Judgments", "slug": "legal-judgments", "category": "judicial" },
  { "id": "legal-news", "name": "Legal News", "slug": "legal-news", "category": "judicial" },
  { "id": "judicial-appointments", "name": "Judicial Appointments", "slug": "judicial-appointments", "category": "judicial" },
  { "id": "legal-aid", "name": "Legal Aid", "slug": "legal-aid", "category": "judicial" },
  { "id": "criminal-law", "name": "Criminal Law", "slug": "criminal-law", "category": "judicial" },
  { "id": "civil-law", "name": "Civil Law", "slug": "civil-law", "category": "judicial" },
  { "id": "constitutional-law", "name": "Constitutional Law", "slug": "constitutional-law", "category": "judicial" },

  { "key": "Social Issues Subcategories==================================================================================", "value": "social-issues" },
  { "id": "human-rights", "name": "Human Rights", "slug": "human-rights", "category": "social-issues" },
  { "id": "gender-equality", "name": "Gender Equality", "slug": "gender-equality", "category": "social-issues" },
  { "id": "lgbtq-rights", "name": "LGBTQ+ Rights", "slug": "lgbtq-rights", "category": "social-issues" },
  { "id": "child-welfare", "name": "Child Welfare", "slug": "child-welfare", "category": "social-issues" },
  { "id": "senior-citizens", "name": "Senior Citizens", "slug": "senior-citizens", "category": "social-issues" },
  { "id": "disability-rights", "name": "Disability Rights", "slug": "disability-rights", "category": "social-issues" },
  { "id": "poverty-alleviation", "name": "Poverty Alleviation", "slug": "poverty-alleviation", "category": "social-issues" },
  { "id": "social-justice", "name": "Social Justice", "slug": "social-justice", "category": "social-issues" },
  { "id": "community-development", "name": "Community Development", "slug": "community-development", "category": "social-issues" },
  { "id": "religious-harmony", "name": "Religious Harmony", "slug": "religious-harmony", "category": "social-issues" },
  { "id": "minority-rights", "name": "Minority Rights", "slug": "minority-rights", "category": "social-issues" },
  { "id": "caste-issues", "name": "Caste Issues", "slug": "caste-issues", "category": "social-issues" },
  { "id": "tribal-issues", "name": "Tribal Issues", "slug": "tribal-issues", "category": "social-issues" }
]